{
    "Zlib compression Ratio": 0.2413901362319999,
    "Zlib Estimated Fee Savings": 0.2413901362319999,
    "Zlib Dictionary compression Ratio": 0.22177344951776967,
    "Zlib Dictionary Estimated Fee Savings": 0.22177344951776967,
    "Brotli compression Ratio": 0.48050498924934604,
    "Brotli Estimated Fee Savings": 0.48050498924934604,
    "Total TXs": 99360,
    "Bad TX Results": 81
  }