{
  "Larger Batches": {
    "Zlib Compression Ratio": 0.5258261139945981,
    "Zlib Estimated Fee Savings": 0.30705299801917385,
    "Zlib Dictionary compression Ratio": 0.5257227571182014,
    "Zlib Dictionary Estimated Fee Savings": 0.30696224743713196,
    "Brotli compression Ratio": 0.6154932054079834,
    "Brotli Estimated Fee Savings": 0.44396826031572934,
    "Total Events": 1385,
    "Avg Batch Size": 139.50469314079422,
    "BatchSize > 100": true
  },
  "All Batches": {
    "Zlib compression Ratio": 0.5107591838606582,
    "Zlib Estimated Fee Savings": 0.2946698275402063,
    "Zlib Dictionary compression Ratio": 0.5105307817983775,
    "Zlib Dictionary Estimated Fee Savings": 0.29443313131115567,
    "Brotli compression Ratio": 0.5993541375603231,
    "Brotli Estimated Fee Savings": 0.42960552773285277,
    "Total Events": 5385,
    "Avg Batch Size": 71.43435468895079,
    "BatchSize > 100": false
  }
}
