{
  "Zlib compression Ratio": 0.5076570708483658,
  "Zlib Estimated Fee Savings": 0.28489763926437484,
  "Zlib Dictionary compression Ratio": 0.5074870886897436,
  "Zlib Dictionary Estimated Fee Savings": 0.2847129626092473,
  "Brotli compression Ratio": 0.6014451093055468,
  "Brotli Estimated Fee Savings": 0.4281747666269593,
  "Total Events": 423,
  "From Block": 607940,
  "To Block": 645939
}